menu_item_id,restaurant_name,platform,city,primary_cuisine,item_name,price,has_offer,offer_percent,price_after_offer,availability,rating,est_delivery_min,timestamp_sampled
M100436,Raju Omlet,Swiggy,Baroda,Fast Food,Cheesy Burger (Spicy),138,False,0,138,True,4.3,31,2025-09-24T15:30:35
M300100,Dil Se Re Restaurant,Zomato,Surat,Fast Food,Fries,580,False,0,580,True,3.4,40,2025-09-24T15:35:09
M100624,Seven Seas Restaurant,Zomato,Baroda,Continental,Steak Sandwich,692,False,0,692,True,3.9,26,2025-09-24T15:30:35
M100323,Subway,UberEats,Baroda,Continental,Fish and Chips (Special),241,False,0,241,True,3.7,22,2025-09-24T15:30:35
M100603,Hotel Surya,UberEats,Baroda,Continental,Pasta Primavera,606,False,0,606,True,3.8,26,2025-09-24T15:30:35
M00562,Lemon Tree Hotel,Zomato,Rajkot,North Indian,Dal Makhani (Combo),243,False,0,243,True,3.8,40,2025-09-24T15:26:51
M00482,Orchid,UberEats,Rajkot,Desserts,Rasmalai,301,False,0,301,True,4.5,36,2025-09-24T15:26:51
M00304,Sweet Truth - Cake and Desserts,UberEats,Rajkot,Italian,Garlic Bread (Special),446,False,0,446,True,3.9,50,2025-09-24T15:26:51
M00343,Sargam Food,UberEats,Rajkot,Italian,Pasta Alfredo (Combo),359,False,0,359,True,3.5,42,2025-09-24T15:26:51
M00245,Barbeque Nation,UberEats,Rajkot,Fast Food,Veg Wrap (Half),133,True,15,113,True,3.7,23,2025-09-24T15:26:51
M100319,Subway,UberEats,Baroda,Continental,Steak Sandwich (Spicy),193,False,0,193,True,3.7,31,2025-09-24T15:30:35
M100149,Domino's Pizza,Swiggy,Baroda,Continental,Steak Sandwich (Spicy),527,False,0,527,True,4.5,27,2025-09-24T15:30:35
M100575,Tandoor Palace,UberEats,Baroda,Italian,Pesto Pasta (Spicy),451,False,0,451,True,3.7,35,2025-09-24T15:30:35
M300033,Jani Locho,UberEats,Surat,Desserts,Rasmalai,503,True,10,452,True,3.7,45,2025-09-24T15:35:09
M00071,RV's Kitchen,UberEats,Rajkot,Gujarati,Dhokla,204,True,20,163,True,3.8,33,2025-09-24T15:26:51
M00272,Temptations Restaurant,Swiggy,Rajkot,Fast Food,Cheesy Burger (Special),150,False,0,150,True,4.4,27,2025-09-24T15:26:51
M100248,Cafe Coffee Day,Zomato,Baroda,Continental,Grilled Chicken (Special),416,False,0,416,False,3.5,45,2025-09-24T15:30:35
M00362,Sargam Kitchen,Zomato,Rajkot,Gujarati,Khandvi (Full),284,False,0,284,True,3.5,45,2025-09-24T15:26:51
M100651,The Banyan Deli,Zomato,Baroda,Fast Food,Club Sandwich,344,False,0,344,True,4.5,48,2025-09-24T15:30:35
M00052,The Imperial Palace,UberEats,Rajkot,Chinese,Fried Rice,684,False,0,684,True,3.9,26,2025-09-24T15:26:51
M00424,The Burger Company,UberEats,Rajkot,Desserts,Kulfi (Half),162,False,0,162,True,4.2,38,2025-09-24T15:26:51
M100244,Cafe Coffee Day,Swiggy,Baroda,Continental,Pasta Primavera (Half),319,False,0,319,True,3.5,26,2025-09-24T15:30:35
M00185,Jay Khodiyar Hotel & Restaurant,UberEats,Rajkot,Bakery,Cheesecake Slice,348,False,0,348,True,3.5,26,2025-09-24T15:26:51
M100182,Punjab Grill,UberEats,Baroda,Bakery,Chocolate Brownie (Spicy),380,False,0,380,True,3.7,44,2025-09-24T15:30:35
M00382,Patel Vihar Restaurant,UberEats,Rajkot,North Indian,Butter Chicken (Spicy),200,False,0,200,True,3.4,49,2025-09-24T15:26:51
M100471,Shree Kathiyawadi Khadki,UberEats,Baroda,Desserts,Gulab Jamun (Half),79,False,0,79,True,3.5,38,2025-09-24T15:30:35
M300103,Barbeque Nation,UberEats,Surat,Continental,Grilled Chicken,295,False,0,295,True,3.5,36,2025-09-24T15:35:09
M300121,Gopal Locho Khaman House,UberEats,Surat,Gujarati,Khandvi,261,False,0,261,True,3.9,30,2025-09-24T15:35:09
M100619,Mandap Dining Hall,Zomato,Baroda,North Indian,Paneer Butter Masala (Full),609,False,0,609,True,4.7,50,2025-09-24T15:30:35
M100138,Domino's Pizza,UberEats,Baroda,Continental,Grilled Chicken (Half),524,False,0,524,True,4.5,53,2025-09-24T15:30:35
M00204,Jay Khodiyar Hotel & Restaurant,Zomato,Rajkot,Bakery,Chocolate Brownie (Half),179,True,20,143,True,3.5,32,2025-09-24T15:26:51
M00480,Orchid,Swiggy,Rajkot,Desserts,Ice Cream Scoop (Full),456,False,0,456,True,4.5,54,2025-09-24T15:26:51
M100249,Cafe Coffee Day,UberEats,Baroda,Continental,Grilled Chicken (Special),329,False,0,329,True,3.5,38,2025-09-24T15:30:35
M100434,Raju Omlet,Zomato,Baroda,Fast Food,Chicken Nuggets (Combo),389,True,10,350,True,4.3,43,2025-09-24T15:30:35
M100340,Azure - The Gateway Hotel,Swiggy,Baroda,Biryani,Chicken Biryani,749,False,0,749,True,3.6,55,2025-09-24T15:30:35
M100341,Azure - The Gateway Hotel,Zomato,Baroda,Biryani,Mutton Biryani,608,False,0,608,True,3.6,49,2025-09-24T15:30:35
M00317,Big Bite,Swiggy,Rajkot,Continental,Caesar Salad,166,False,0,166,True,3.4,20,2025-09-24T15:26:51
M300053,Barbeque Nation,Zomato,Surat,Continental,Fish and Chips,228,False,0,228,True,3.8,28,2025-09-24T15:35:09
M00427,The Burger Company,Zomato,Rajkot,Desserts,Rasmalai,181,False,0,181,True,4.2,41,2025-09-24T15:26:51
M00077,RV's Kitchen,UberEats,Rajkot,Gujarati,Thepla,143,False,0,143,True,3.8,20,2025-09-24T15:26:51
M100025,Barbeque Nation,Zomato,Baroda,Desserts,Rasmalai,197,True,15,167,True,4.0,49,2025-09-24T15:30:35
M100209,Havmor Restaurant,Zomato,Baroda,Bakery,Blueberry Muffin (Combo),79,False,0,79,True,4.0,37,2025-09-24T15:30:35
M100326,Azure - The Gateway Hotel,Zomato,Baroda,Biryani,Veg Biryani,537,False,0,537,True,3.6,38,2025-09-24T15:30:35
M100510,Shree Maruti Nandan Kathiyawadi,Swiggy,Baroda,Continental,Steak Sandwich,665,False,0,665,True,4.6,43,2025-09-24T15:30:35
M200039,Barbeque Nation,Swiggy,Gandhinagar,North Indian,Paneer Butter Masala,415,False,0,415,True,3.4,28,2025-09-24T15:32:59
M00352,Sargam Kitchen,Zomato,Rajkot,Gujarati,Dhokla (Half),744,True,20,595,True,3.5,49,2025-09-24T15:26:51
M100284,Mahi Tandoor Village,UberEats,Baroda,Fast Food,Cheesy Burger (Half),102,False,0,102,True,4.3,48,2025-09-24T15:30:35
M100478,Havmor Ice Cream,Zomato,Baroda,Italian,Veggie Pizza,550,False,0,550,True,4.0,48,2025-09-24T15:30:35
M100173,Punjab Grill,UberEats,Baroda,Bakery,Cheesecake Slice,308,False,0,308,True,3.7,41,2025-09-24T15:30:35
M100639,Sayaji Hotel Restaurant,Swiggy,Baroda,Italian,Garlic Bread (Spicy),342,False,0,342,True,4.7,25,2025-09-24T15:30:35
M00406,Patel Vihar Restaurant,UberEats,Rajkot,North Indian,Paneer Butter Masala (Spicy),149,False,0,149,True,3.4,42,2025-09-24T15:26:51
M100535,Bayleaf Restaurant,UberEats,Baroda,Desserts,Kulfi,387,False,0,387,True,4.1,43,2025-09-24T15:30:35
M100086,McDonald's,Zomato,Baroda,Italian,Pasta Alfredo (Combo),310,True,15,263,True,3.5,22,2025-09-24T15:30:35
M00479,Orchid,UberEats,Rajkot,Desserts,Ice Cream Scoop (Full),202,False,0,202,True,4.5,47,2025-09-24T15:26:51
M300140,Shree Balaji Sandwich,UberEats,Surat,Bakery,Cheesecake Slice,359,True,15,305,True,4.7,31,2025-09-24T15:35:09
M100111,La Pino'z Pizza,Swiggy,Baroda,Chinese,Fried Rice (Special),346,True,20,276,True,4.7,52,2025-09-24T15:30:35
M00050,The Imperial Palace,UberEats,Rajkot,Chinese,Chilli Paneer (Full),280,False,0,280,True,3.9,25,2025-09-24T15:26:51
M100330,Azure - The Gateway Hotel,UberEats,Baroda,Biryani,Mutton Biryani (Half),503,True,15,427,True,3.6,41,2025-09-24T15:30:35
M00248,Barbeque Nation,Swiggy,Rajkot,Fast Food,Cheesy Burger (Combo),135,False,0,135,True,3.7,23,2025-09-24T15:26:51
M00495,Orchid,Swiggy,Rajkot,Desserts,Kulfi (Special),541,False,0,541,True,4.5,26,2025-09-24T15:26:51
M100068,The Chocolate Room,UberEats,Baroda,Italian,Veggie Pizza (Spicy),417,False,0,417,True,4.2,38,2025-09-24T15:30:35
M200089,Domino's Pizza,UberEats,Gandhinagar,Gujarati,Gujarati Thali,317,False,0,317,True,4.3,40,2025-09-24T15:32:59
M100548,Bayleaf Restaurant,Zomato,Baroda,Desserts,Gulab Jamun,339,False,0,339,True,4.1,26,2025-09-24T15:30:35
M00068,The Imperial Palace,UberEats,Rajkot,Chinese,Chow Mein (Spicy),338,False,0,338,True,3.9,25,2025-09-24T15:26:51
M300129,Shree Balaji Sandwich,Zomato,Surat,Gujarati,Thepla,278,False,0,278,True,3.4,32,2025-09-24T15:35:09
M200024,Pizza Hut,UberEats,Gandhinagar,Chinese,Chow Mein,133,False,0,133,True,4.4,41,2025-09-24T15:32:59
M200034,Pizza Hut,UberEats,Gandhinagar,Continental,Steak Sandwich,201,False,0,201,False,4.6,29,2025-09-24T15:32:59
M00462,Honest Restaurant,Swiggy,Rajkot,North Indian,Butter Chicken,216,False,0,216,True,3.9,36,2025-09-24T15:26:51
M00527,The Grand Thakkar Restaurant,UberEats,Rajkot,North Indian,Tandoori Roti,487,False,0,487,True,4.5,40,2025-09-24T15:26:51
M100355,That Place,UberEats,Baroda,Gujarati,Undhiyu (Half),613,False,0,613,True,4.6,52,2025-09-24T15:30:35
M00345,Sargam Kitchen,UberEats,Rajkot,Gujarati,Undhiyu,526,False,0,526,True,3.5,28,2025-09-24T15:26:51
M100602,Hotel Surya,Zomato,Baroda,Continental,Pasta Primavera,865,False,0,865,True,3.8,50,2025-09-24T15:30:35
M100425,Raju Omlet,Zomato,Baroda,Fast Food,Chicken Nuggets,354,True,15,300,True,4.3,37,2025-09-24T15:30:35
M100065,The Chocolate Room,Swiggy,Baroda,Italian,Pesto Pasta (Spicy),418,False,0,418,True,4.2,43,2025-09-24T15:30:35
M100485,Rasthal Food,UberEats,Baroda,Gujarati,Undhiyu (Half),401,True,10,360,True,3.3,27,2025-09-24T15:30:35
M100033,Barbeque Nation,Swiggy,Baroda,Desserts,Ice Cream Scoop,311,False,0,311,False,4.0,31,2025-09-24T15:30:35
M00310,Big Bite,Zomato,Rajkot,Continental,Fish and Chips,263,True,20,210,True,3.4,27,2025-09-24T15:26:51
M00507,Premvatika Restaurant,Swiggy,Rajkot,Bakery,Blueberry Muffin (Combo),68,False,0,68,True,3.6,45,2025-09-24T15:26:51
M00544,The Grand Thakkar Restaurant,Swiggy,Rajkot,North Indian,Tandoori Roti (Special),481,False,0,481,True,4.5,42,2025-09-24T15:26:51
M00429,The Burger Company,Zomato,Rajkot,Desserts,Chocolate Lava Cake,106,False,0,106,True,4.2,32,2025-09-24T15:26:51
M100667,Eva Cafe,Swiggy,Baroda,Italian,Pesto Pasta (Half),181,False,0,181,True,4.0,26,2025-09-24T15:30:35
M00030,The Blue Oven,Zomato,Rajkot,North Indian,Kadai Chicken (Special),339,True,10,305,True,3.6,50,2025-09-24T15:26:51
M00240,Barbeque Nation,Swiggy,Rajkot,Fast Food,Club Sandwich (Special),52,False,0,52,True,3.7,23,2025-09-24T15:26:51
M100229,Havmor Restaurant,Swiggy,Baroda,Bakery,Cheesecake Slice (Half),76,False,0,76,True,4.0,28,2025-09-24T15:30:35
M00238,Barbeque Nation,Swiggy,Rajkot,Fast Food,Cheesy Burger,102,False,0,102,True,3.7,48,2025-09-24T15:26:51
M00066,The Imperial Palace,UberEats,Rajkot,Chinese,Fried Rice (Special),207,False,0,207,True,3.9,35,2025-09-24T15:26:51
M100381,Varietea,Zomato,Baroda,Continental,Steak Sandwich (Half),296,False,0,296,True,3.4,54,2025-09-24T15:30:35
M200018,Patang Restaurant,UberEats,Gandhinagar,Continental,Steak Sandwich,738,False,0,738,True,3.5,47,2025-09-24T15:32:59
M100144,Domino's Pizza,UberEats,Baroda,Continental,Steak Sandwich (Special),436,True,15,370,True,4.5,49,2025-09-24T15:30:35
M300141,Shree Balaji Sandwich,Zomato,Surat,Bakery,Cheesecake Slice,187,False,0,187,False,4.7,48,2025-09-24T15:35:09
M100318,Subway,Zomato,Baroda,Continental,Steak Sandwich (Spicy),272,True,15,231,False,3.7,41,2025-09-24T15:30:35
M300090,Jalaram Khichdi,UberEats,Surat,North Indian,Kadai Chicken,380,False,0,380,True,4.1,36,2025-09-24T15:35:09
M100141,Domino's Pizza,UberEats,Baroda,Continental,Fish and Chips (Spicy),380,False,0,380,True,4.5,33,2025-09-24T15:30:35
M100202,Punjab Grill,Zomato,Baroda,Bakery,Sourdough Bread (Half),203,False,0,203,False,3.7,39,2025-09-24T15:30:35
M00340,Sargam Food,UberEats,Rajkot,Italian,Garlic Bread (Half),555,True,20,444,True,3.5,39,2025-09-24T15:26:51
M300117,Jalaram Khichdi,Zomato,Surat,Italian,Veggie Pizza,238,False,0,238,True,3.6,49,2025-09-24T15:35:09
M00539,The Grand Thakkar Restaurant,UberEats,Rajkot,North Indian,Kadai Chicken,696,False,0,696,True,4.5,52,2025-09-24T15:26:51
M00124,McDonald's,Zomato,Rajkot,North Indian,Kadai Chicken,113,True,20,90,False,4.1,40,2025-09-24T15:26:51
M100565,Tandoor Palace,UberEats,Baroda,Italian,Veggie Pizza,211,False,0,211,False,3.7,25,2025-09-24T15:30:35
M100256,Pizza Hut,Zomato,Baroda,Desserts,Rasmalai,318,False,0,318,True,3.8,49,2025-09-24T15:30:35
M00176,Pizza Hut,Zomato,Rajkot,Bakery,Cheesecake Slice,537,False,0,537,True,4.6,39,2025-09-24T15:26:51
M100147,Domino's Pizza,UberEats,Baroda,Continental,Steak Sandwich,301,False,0,301,True,4.5,53,2025-09-24T15:30:35
M100596,Hotel Surya,Zomato,Baroda,Continental,Fish and Chips,831,True,15,706,True,3.8,49,2025-09-24T15:30:35
M100275,Sankalp,Swiggy,Baroda,Bakery,Cheesecake Slice,441,False,0,441,True,3.9,45,2025-09-24T15:30:35
M100400,Blue Lagoon,UberEats,Baroda,Chinese,Spring Rolls,372,False,0,372,True,4.3,38,2025-09-24T15:30:35
M00045,Starbucks Coffee,Zomato,Rajkot,Bakery,Chocolate Brownie (Special),182,False,0,182,True,4.6,49,2025-09-24T15:26:51
M00060,The Imperial Palace,UberEats,Rajkot,Chinese,Chow Mein,286,False,0,286,True,3.9,45,2025-09-24T15:26:51
M00241,Barbeque Nation,UberEats,Rajkot,Fast Food,Veg Wrap,149,True,15,126,True,3.7,22,2025-09-24T15:26:51
M00024,The Blue Oven,Zomato,Rajkot,North Indian,Paneer Butter Masala,323,False,0,323,True,3.6,39,2025-09-24T15:26:51
M100039,Barbeque Nation,Swiggy,Baroda,Desserts,Kulfi (Full),229,False,0,229,True,4.0,29,2025-09-24T15:30:35
M00431,The Burger Company,Zomato,Rajkot,Desserts,Gulab Jamun,139,False,0,139,True,4.2,48,2025-09-24T15:26:51
M100289,Mahi Tandoor Village,Swiggy,Baroda,Fast Food,Chicken Nuggets,184,False,0,184,True,4.3,41,2025-09-24T15:30:35
M100543,Bayleaf Restaurant,Swiggy,Baroda,Desserts,Rasmalai,308,True,20,246,True,4.1,49,2025-09-24T15:30:35
M100612,Neelkanth Restaurant,Swiggy,Baroda,North Indian,Dal Makhani (Spicy),289,True,15,245,True,3.5,45,2025-09-24T15:30:35
M00125,McDonald's,Zomato,Rajkot,North Indian,Paneer Butter Masala,216,False,0,216,True,4.1,28,2025-09-24T15:26:51
M100568,Tandoor Palace,Zomato,Baroda,Italian,Pasta Alfredo,469,False,0,469,False,3.7,34,2025-09-24T15:30:35
M100502,Rasthal Food,Swiggy,Baroda,Gujarati,Thepla,585,False,0,585,False,3.3,47,2025-09-24T15:30:35
M100214,Havmor Restaurant,Swiggy,Baroda,Bakery,Sourdough Bread,191,False,0,191,True,4.0,23,2025-09-24T15:30:35
M00116,La Pino'z Pizza,Swiggy,Rajkot,Bakery,Blueberry Muffin (Special),400,False,0,400,True,4.1,49,2025-09-24T15:26:51
M100522,Shree Maruti Nandan Kathiyawadi,Swiggy,Baroda,Continental,Grilled Chicken (Half),625,False,0,625,True,4.6,34,2025-09-24T15:30:35
M200032,McDonald's,Swiggy,Gandhinagar,North Indian,Butter Chicken,926,True,20,740,True,3.7,35,2025-09-24T15:32:59
M100034,Barbeque Nation,Zomato,Baroda,Desserts,Ice Cream Scoop,562,False,0,562,True,4.0,46,2025-09-24T15:30:35
M100569,Tandoor Palace,UberEats,Baroda,Italian,Pesto Pasta (Combo),333,True,10,299,True,3.7,50,2025-09-24T15:30:35
M300104,Mahesh Pav Bhaji,UberEats,Surat,Chinese,Spring Rolls,644,False,0,644,True,4.6,52,2025-09-24T15:35:09
M00142,Balaji Sandwich,Zomato,Rajkot,Bakery,Sourdough Bread,432,False,0,432,False,3.8,34,2025-09-24T15:26:51
M100164,Mainland China,Zomato,Baroda,North Indian,Kadai Chicken (Half),94,False,0,94,True,4.2,46,2025-09-24T15:30:35
M300028,Domino's Pizza,UberEats,Surat,Italian,Margherita Pizza,624,False,0,624,True,4.2,45,2025-09-24T15:35:09
M100105,La Pino'z Pizza,Swiggy,Baroda,Chinese,Spring Rolls,617,False,0,617,True,4.7,25,2025-09-24T15:30:35
M100080,McDonald's,Zomato,Baroda,Italian,Pasta Alfredo,320,False,0,320,True,3.5,24,2025-09-24T15:30:35
M00298,Sweet Truth - Cake and Desserts,UberEats,Rajkot,Italian,Margherita Pizza (Full),683,True,10,614,True,3.9,55,2025-09-24T15:26:51
M00232,Huber & Holly,Zomato,Rajkot,Chinese,Chilli Paneer (Combo),479,False,0,479,True,4.1,33,2025-09-24T15:26:51
M00079,Theobroma,UberEats,Rajkot,Fast Food,Club Sandwich,88,False,0,88,True,4.5,48,2025-09-24T15:26:51
M100261,Pizza Hut,Swiggy,Baroda,Desserts,Ice Cream Scoop,352,True,10,316,True,3.8,29,2025-09-24T15:30:35
M100664,The Banyan Deli,Swiggy,Baroda,Fast Food,Fries (Full),178,False,0,178,True,4.5,42,2025-09-24T15:30:35
M100004,Mandap - Express Towers,UberEats,Baroda,Italian,Pesto Pasta,340,False,0,340,True,4.7,48,2025-09-24T15:30:35
M00016,The Blue Oven,Zomato,Rajkot,North Indian,Kadai Chicken (Half),653,True,10,587,True,3.6,47,2025-09-24T15:26:51
M100601,Hotel Surya,UberEats,Baroda,Continental,Fish and Chips (Spicy),330,False,0,330,True,3.8,38,2025-09-24T15:30:35
M300005,Sizzling Salsa,Zomato,Surat,Fast Food,Chicken Nuggets,123,False,0,123,True,4.4,24,2025-09-24T15:35:09
M100663,The Banyan Deli,Zomato,Baroda,Fast Food,Chicken Nuggets,162,True,10,145,True,4.5,32,2025-09-24T15:30:35
M00260,Temptations Restaurant,Swiggy,Rajkot,Fast Food,Chicken Nuggets,196,False,0,196,True,4.4,23,2025-09-24T15:26:51
M100494,Rasthal Food,UberEats,Baroda,Gujarati,Gujarati Thali (Full),587,True,20,469,True,3.3,36,2025-09-24T15:30:35
M00271,Temptations Restaurant,Zomato,Rajkot,Fast Food,Cheesy Burger (Special),100,False,0,100,True,4.4,33,2025-09-24T15:26:51
M300083,Rasoi Restaurant,UberEats,Surat,Desserts,Ice Cream Scoop,318,False,0,318,True,3.7,37,2025-09-24T15:35:09
M00528,The Grand Thakkar Restaurant,Zomato,Rajkot,North Indian,Tandoori Roti,936,True,20,748,True,4.5,30,2025-09-24T15:26:51
M00169,Drizzle's Pizza,Swiggy,Rajkot,Continental,Grilled Chicken,258,False,0,258,True,4.4,40,2025-09-24T15:26:51
M100344,Azure - The Gateway Hotel,Zomato,Baroda,Biryani,Egg Biryani (Special),787,False,0,787,True,3.6,38,2025-09-24T15:30:35
M00430,The Burger Company,UberEats,Rajkot,Desserts,Chocolate Lava Cake,206,True,20,164,True,4.2,37,2025-09-24T15:26:51
M100271,Pizza Hut,Swiggy,Baroda,Desserts,Chocolate Lava Cake (Half),510,False,0,510,True,3.8,47,2025-09-24T15:30:35
M300094,Purohit Thali,UberEats,Surat,Italian,Veggie Pizza,209,False,0,209,True,4.5,35,2025-09-24T15:35:09
M100311,Subway,UberEats,Baroda,Continental,Caesar Salad,332,False,0,332,True,3.7,39,2025-09-24T15:30:35
M100540,Bayleaf Restaurant,Swiggy,Baroda,Desserts,Rasmalai (Combo),275,True,20,220,True,4.1,28,2025-09-24T15:30:35
M00325,Big Bite,Zomato,Rajkot,Continental,Steak Sandwich,303,True,15,257,True,3.4,39,2025-09-24T15:26:51
M100503,Shree Maruti Nandan Kathiyawadi,Zomato,Baroda,Continental,Fish and Chips,191,True,20,152,True,4.6,37,2025-09-24T15:30:35
M100512,Shree Maruti Nandan Kathiyawadi,Zomato,Baroda,Continental,Grilled Chicken,512,False,0,512,True,4.6,40,2025-09-24T15:30:35
M100305,Mahi Tandoor Village,UberEats,Baroda,Fast Food,Club Sandwich,132,True,20,105,True,4.3,48,2025-09-24T15:30:35
M100650,The Banyan Deli,Swiggy,Baroda,Fast Food,Club Sandwich,361,True,15,306,True,4.5,29,2025-09-24T15:30:35
M100665,The Banyan Deli,Zomato,Baroda,Fast Food,Fries (Full),245,False,0,245,True,4.5,43,2025-09-24T15:30:35
M00433,The Burger Company,Zomato,Rajkot,Desserts,Kulfi (Spicy),78,True,10,70,True,4.2,32,2025-09-24T15:26:51
M00044,Starbucks Coffee,UberEats,Rajkot,Bakery,Chocolate Brownie (Special),172,True,10,154,True,4.6,24,2025-09-24T15:26:51
M00412,National Restaurant,UberEats,Rajkot,Continental,Steak Sandwich,770,False,0,770,True,4.5,40,2025-09-24T15:26:51
M00359,Sargam Kitchen,UberEats,Rajkot,Gujarati,Dhokla (Combo),500,False,0,500,True,3.5,38,2025-09-24T15:26:51
M00221,Huber & Holly,UberEats,Rajkot,Chinese,Chow Mein (Spicy),342,False,0,342,True,4.1,51,2025-09-24T15:26:51
M00417,National Restaurant,Swiggy,Rajkot,Continental,Grilled Chicken,384,True,20,307,True,4.5,44,2025-09-24T15:26:51
M00102,La Pino'z Pizza,Swiggy,Rajkot,Bakery,Chocolate Brownie (Half),207,True,10,186,True,4.1,54,2025-09-24T15:26:51
M00108,La Pino'z Pizza,Swiggy,Rajkot,Bakery,Croissant,182,False,0,182,True,4.1,46,2025-09-24T15:26:51
M00428,The Burger Company,UberEats,Rajkot,Desserts,Rasmalai,57,False,0,57,True,4.2,21,2025-09-24T15:26:51
M100486,Rasthal Food,Zomato,Baroda,Gujarati,Undhiyu (Half),747,False,0,747,True,3.3,29,2025-09-24T15:30:35
M200019,Cafe Coffee Day,Swiggy,Gandhinagar,Italian,Veggie Pizza,594,False,0,594,True,4.2,35,2025-09-24T15:32:59
M100042,Barbeque Nation,Swiggy,Baroda,Desserts,Gulab Jamun (Half),469,False,0,469,True,4.0,50,2025-09-24T15:30:35
M100015,Mandap - Express Towers,Swiggy,Baroda,Italian,Garlic Bread,585,True,20,468,True,4.7,36,2025-09-24T15:30:35
M100628,Seven Seas Restaurant,Swiggy,Baroda,Continental,Caesar Salad (Combo),869,False,0,869,True,3.9,41,2025-09-24T15:30:35
M00434,The Burger Company,UberEats,Rajkot,Desserts,Kulfi (Spicy),210,True,20,168,True,4.2,39,2025-09-24T15:26:51
M300075,The Grand Bhagwati,UberEats,Surat,Desserts,Rasmalai,179,True,15,152,True,4.2,42,2025-09-24T15:35:09
M00129,"Faasos - Wraps, Rolls & Shawarma",UberEats,Rajkot,Biryani,Mutton Biryani,500,False,0,500,True,4.1,49,2025-09-24T15:26:51
M200064,Shree Kathiyawadi Restaurant,Swiggy,Gandhinagar,Continental,Steak Sandwich,594,False,0,594,True,4.5,30,2025-09-24T15:32:59
M100142,Domino's Pizza,Zomato,Baroda,Continental,Steak Sandwich (Special),449,False,0,449,True,4.5,42,2025-09-24T15:30:35
M100114,La Pino'z Pizza,Swiggy,Baroda,Chinese,Chilli Paneer,226,False,0,226,True,4.7,47,2025-09-24T15:30:35
M00381,Patel Vihar Restaurant,Zomato,Rajkot,North Indian,Kadai Chicken,236,True,20,188,True,3.4,40,2025-09-24T15:26:51
M100098,McDonald's,Zomato,Baroda,Italian,Veggie Pizza (Half),326,True,15,277,True,3.5,41,2025-09-24T15:30:35
M00275,Temptations Restaurant,Zomato,Rajkot,Fast Food,Club Sandwich,118,True,10,106,True,4.4,49,2025-09-24T15:26:51
M100044,Barbeque Nation,UberEats,Baroda,Desserts,Gulab Jamun (Half),356,False,0,356,True,4.0,29,2025-09-24T15:30:35
M200069,The Chocolate Room,Swiggy,Gandhinagar,Biryani,Mutton Biryani,185,False,0,185,True,3.3,28,2025-09-24T15:32:59
M00033,Starbucks Coffee,Zomato,Rajkot,Bakery,Cheesecake Slice,206,False,0,206,True,4.6,21,2025-09-24T15:26:51
M100304,Mahi Tandoor Village,Swiggy,Baroda,Fast Food,Fries (Special),177,False,0,177,True,4.3,34,2025-09-24T15:30:35
M100335,Azure - The Gateway Hotel,Zomato,Baroda,Biryani,Hyderabadi Biryani,302,False,0,302,True,3.6,25,2025-09-24T15:30:35
M100051,Barbeque Nation,Swiggy,Baroda,Desserts,Kulfi,400,True,20,320,False,4.0,40,2025-09-24T15:30:35
M00423,The Burger Company,Zomato,Rajkot,Desserts,Kulfi (Half),93,False,0,93,True,4.2,43,2025-09-24T15:26:51
M100495,Rasthal Food,Zomato,Baroda,Gujarati,Gujarati Thali (Full),757,False,0,757,True,3.3,36,2025-09-24T15:30:35
M00323,Big Bite,Swiggy,Rajkot,Continental,Steak Sandwich,322,False,0,322,True,3.4,39,2025-09-24T15:26:51
M00278,Temptations Restaurant,Swiggy,Rajkot,Fast Food,Fries,175,False,0,175,True,4.4,24,2025-09-24T15:26:51
M100681,Eva Cafe,Swiggy,Baroda,Italian,Garlic Bread (Half),122,False,0,122,True,4.0,38,2025-09-24T15:30:35
M100376,Varietea,Zomato,Baroda,Continental,Pasta Primavera,486,False,0,486,True,3.4,36,2025-09-24T15:30:35
M200033,Hotel Isherwood,UberEats,Gandhinagar,Fast Food,Fries,69,True,20,55,True,4.6,36,2025-09-24T15:32:59
M300137,McDonald's,UberEats,Surat,Desserts,Ice Cream Scoop,206,False,0,206,True,4.1,43,2025-09-24T15:35:09
M00164,Drizzle's Pizza,Swiggy,Rajkot,Continental,Caesar Salad (Full),512,False,0,512,True,4.4,29,2025-09-24T15:26:51
M00375,Swati Family Restaurant,UberEats,Rajkot,Bakery,Chocolate Brownie,413,False,0,413,True,3.6,46,2025-09-24T15:26:51
M00262,Temptations Restaurant,Swiggy,Rajkot,Fast Food,Cheesy Burger (Full),205,False,0,205,True,4.4,32,2025-09-24T15:26:51
M00290,Sweet Truth - Cake and Desserts,UberEats,Rajkot,Italian,Margherita Pizza (Half),754,False,0,754,True,3.9,32,2025-09-24T15:26:51
M300062,Urban Tandoor,Zomato,Surat,Continental,Fish and Chips,454,False,0,454,True,4.1,29,2025-09-24T15:35:09
M300116,Pizza Hut,Zomato,Surat,Bakery,Sourdough Bread,296,True,15,251,True,3.8,46,2025-09-24T15:35:09
M100180,Punjab Grill,Swiggy,Baroda,Bakery,Blueberry Muffin,405,False,0,405,False,3.7,39,2025-09-24T15:30:35
M100038,Barbeque Nation,UberEats,Baroda,Desserts,Gulab Jamun,250,True,10,225,True,4.0,43,2025-09-24T15:30:35
M00307,Big Bite,Zomato,Rajkot,Continental,Grilled Chicken,319,True,20,255,True,3.4,37,2025-09-24T15:26:51
M200005,Pizza Hut,Swiggy,Gandhinagar,Italian,Pesto Pasta,157,False,0,157,True,3.8,26,2025-09-24T15:32:59
M00311,Big Bite,Swiggy,Rajkot,Continental,Fish and Chips (Half),244,False,0,244,True,3.4,23,2025-09-24T15:26:51
M00193,Jay Khodiyar Hotel & Restaurant,Swiggy,Rajkot,Bakery,Chocolate Brownie (Combo),249,False,0,249,True,3.5,34,2025-09-24T15:26:51
M100106,La Pino'z Pizza,Zomato,Baroda,Chinese,Spring Rolls,253,False,0,253,True,4.7,40,2025-09-24T15:30:35
M100013,Mandap - Express Towers,Swiggy,Baroda,Italian,Garlic Bread (Combo),875,False,0,875,True,4.7,53,2025-09-24T15:30:35
M100492,Rasthal Food,Zomato,Baroda,Gujarati,Gujarati Thali,383,False,0,383,True,3.3,54,2025-09-24T15:30:35
M00064,The Imperial Palace,UberEats,Rajkot,Chinese,Spring Rolls (Half),498,True,15,423,True,3.9,43,2025-09-24T15:26:51
M100117,La Pino'z Pizza,Swiggy,Baroda,Chinese,Chilli Paneer (Special),602,True,20,481,True,4.7,42,2025-09-24T15:30:35
M100500,Rasthal Food,UberEats,Baroda,Gujarati,Thepla,738,False,0,738,True,3.3,33,2025-09-24T15:30:35
M300008,Sizzling Salsa,UberEats,Surat,Italian,Margherita Pizza,125,False,0,125,True,4.7,26,2025-09-24T15:35:09
M100674,Eva Cafe,UberEats,Baroda,Italian,Pasta Alfredo,242,False,0,242,True,4.0,48,2025-09-24T15:30:35
M100635,Seven Seas Restaurant,UberEats,Baroda,Continental,Steak Sandwich (Half),661,False,0,661,True,3.9,28,2025-09-24T15:30:35
M300048,Nanavati Restaurant,Zomato,Surat,Chinese,Manchurian,630,False,0,630,True,4.2,47,2025-09-24T15:35:09
M300142,Taste of Bhagwati,UberEats,Surat,Fast Food,Fries,179,False,0,179,True,4.8,34,2025-09-24T15:35:09
M100158,Domino's Pizza,Swiggy,Baroda,Continental,Grilled Chicken,378,False,0,378,True,4.5,41,2025-09-24T15:30:35
M00199,Jay Khodiyar Hotel & Restaurant,Swiggy,Rajkot,Bakery,Cheesecake Slice (Combo),306,False,0,306,True,3.5,33,2025-09-24T15:26:51
M00276,Temptations Restaurant,Swiggy,Rajkot,Fast Food,Club Sandwich,57,False,0,57,True,4.4,45,2025-09-24T15:26:51
M200096,Pizza Hut,UberEats,Gandhinagar,Bakery,Blueberry Muffin,304,False,0,304,True,4.4,32,2025-09-24T15:32:59
M100594,Hotel Surya,Zomato,Baroda,Continental,Steak Sandwich,281,False,0,281,True,3.8,38,2025-09-24T15:30:35
M00555,Lemon Tree Hotel,UberEats,Rajkot,North Indian,Paneer Butter Masala (Combo),558,True,10,502,True,3.8,34,2025-09-24T15:26:51
M00219,Huber & Holly,UberEats,Rajkot,Chinese,Chow Mein,333,False,0,333,True,4.1,32,2025-09-24T15:26:51
M200044,Patang Restaurant,UberEats,Gandhinagar,Continental,Fish and Chips,885,True,15,752,True,4.7,31,2025-09-24T15:32:59
M00031,The Blue Oven,UberEats,Rajkot,North Indian,Kadai Chicken (Special),408,False,0,408,True,3.6,39,2025-09-24T15:26:51
M00057,The Imperial Palace,Swiggy,Rajkot,Chinese,Manchurian (Special),457,True,20,365,True,3.9,31,2025-09-24T15:26:51
M100642,Sayaji Hotel Restaurant,Swiggy,Baroda,Italian,Margherita Pizza,663,False,0,663,True,4.7,53,2025-09-24T15:30:35
M100310,Subway,Zomato,Baroda,Continental,Caesar Salad,170,False,0,170,True,3.7,32,2025-09-24T15:30:35
M100389,Blue Lagoon,Zomato,Baroda,Chinese,Fried Rice,642,False,0,642,True,4.3,46,2025-09-24T15:30:35
M00426,The Burger Company,UberEats,Rajkot,Desserts,Ice Cream Scoop,84,True,20,67,True,4.2,36,2025-09-24T15:26:51
M100524,Shree Maruti Nandan Kathiyawadi,Zomato,Baroda,Continental,Pasta Primavera,368,False,0,368,True,4.6,48,2025-09-24T15:30:35
M100515,Shree Maruti Nandan Kathiyawadi,Zomato,Baroda,Continental,Fish and Chips (Half),543,False,0,543,True,4.6,28,2025-09-24T15:30:35
M100435,Raju Omlet,UberEats,Baroda,Fast Food,Chicken Nuggets (Combo),121,False,0,121,True,4.3,32,2025-09-24T15:30:35
M100637,Seven Seas Restaurant,Swiggy,Baroda,Continental,Steak Sandwich (Half),721,False,0,721,True,3.9,25,2025-09-24T15:30:35
M100386,Blue Lagoon,Zomato,Baroda,Chinese,Fried Rice (Combo),311,False,0,311,True,4.3,48,2025-09-24T15:30:35
M100668,Eva Cafe,UberEats,Baroda,Italian,Pesto Pasta (Combo),117,True,15,99,True,4.0,22,2025-09-24T15:30:35
M100361,That Place,UberEats,Baroda,Gujarati,Gujarati Thali (Special),269,False,0,269,True,4.6,25,2025-09-24T15:30:35
M300043,Taste of Bhagwati,UberEats,Surat,Italian,Pesto Pasta,902,True,10,811,True,3.8,37,2025-09-24T15:35:09
M100052,Barbeque Nation,Zomato,Baroda,Desserts,Kulfi,188,False,0,188,True,4.0,36,2025-09-24T15:30:35
M00333,Sargam Food,UberEats,Rajkot,Italian,Pesto Pasta,507,False,0,507,True,3.5,28,2025-09-24T15:26:51
M100368,That Place,Swiggy,Baroda,Gujarati,Undhiyu,333,False,0,333,True,4.6,41,2025-09-24T15:30:35
M00100,La Pino'z Pizza,Swiggy,Rajkot,Bakery,Sourdough Bread (Full),441,False,0,441,True,4.1,45,2025-09-24T15:26:51
M00529,The Grand Thakkar Restaurant,Swiggy,Rajkot,North Indian,Tandoori Roti,384,True,20,307,True,4.5,42,2025-09-24T15:26:51
M300099,Shreeji Locho,Zomato,Surat,Fast Food,Club Sandwich,156,False,0,156,True,3.4,47,2025-09-24T15:35:09
M100550,Bayleaf Restaurant,UberEats,Baroda,Desserts,Gulab Jamun,220,False,0,220,True,4.1,33,2025-09-24T15:30:35
M100057,The Chocolate Room,Swiggy,Baroda,Italian,Pesto Pasta (Full),324,False,0,324,True,4.2,28,2025-09-24T15:30:35
M100358,That Place,Swiggy,Baroda,Gujarati,Thepla,803,True,20,642,True,4.6,30,2025-09-24T15:30:35
M100521,Shree Maruti Nandan Kathiyawadi,Zomato,Baroda,Continental,Grilled Chicken (Half),228,False,0,228,True,4.6,54,2025-09-24T15:30:35
M100461,Shree Kathiyawadi Khadki,UberEats,Baroda,Desserts,Chocolate Lava Cake (Special),193,False,0,193,True,3.5,49,2025-09-24T15:30:35
M100654,The Banyan Deli,Swiggy,Baroda,Fast Food,Cheesy Burger (Full),262,False,0,262,True,4.5,49,2025-09-24T15:30:35
M100286,Mahi Tandoor Village,Swiggy,Baroda,Fast Food,Cheesy Burger (Half),118,False,0,118,True,4.3,27,2025-09-24T15:30:35
M100058,The Chocolate Room,UberEats,Baroda,Italian,Pesto Pasta (Full),298,True,20,238,True,4.2,29,2025-09-24T15:30:35
M100233,Cafe Coffee Day,Zomato,Baroda,Continental,Pasta Primavera,447,True,20,357,True,3.5,51,2025-09-24T15:30:35
M100480,Havmor Ice Cream,Zomato,Baroda,Italian,Pasta Alfredo,238,False,0,238,True,4.0,37,2025-09-24T15:30:35
M00368,Swati Family Restaurant,Swiggy,Rajkot,Bakery,Cheesecake Slice (Half),212,False,0,212,True,3.6,39,2025-09-24T15:26:51
M100021,Barbeque Nation,Swiggy,Baroda,Desserts,Chocolate Lava Cake,321,False,0,321,True,4.0,26,2025-09-24T15:30:35
M300021,Oven Magick,Zomato,Surat,Desserts,Gulab Jamun,226,False,0,226,True,4.1,47,2025-09-24T15:35:09
M100598,Hotel Surya,Zomato,Baroda,Continental,Caesar Salad (Spicy),296,False,0,296,True,3.8,25,2025-09-24T15:30:35
M100680,Eva Cafe,UberEats,Baroda,Italian,Garlic Bread (Half),249,True,20,199,True,4.0,23,2025-09-24T15:30:35
M00237,Barbeque Nation,UberEats,Rajkot,Fast Food,Cheesy Burger,105,False,0,105,True,3.7,32,2025-09-24T15:26:51
M300042,Mahesh Pav Bhaji,UberEats,Surat,Italian,Veggie Pizza,535,False,0,535,True,3.7,44,2025-09-24T15:35:09
M300087,Gopal Locho Khaman House,UberEats,Surat,Italian,Garlic Bread,187,False,0,187,True,3.6,23,2025-09-24T15:35:09
M300096,Pizza Hut,UberEats,Surat,Italian,Pasta Alfredo,998,True,10,898,True,4.1,47,2025-09-24T15:35:09
M00416,National Restaurant,UberEats,Rajkot,Continental,Pasta Primavera (Spicy),927,False,0,927,True,4.5,38,2025-09-24T15:26:51
M00463,Honest Restaurant,Swiggy,Rajkot,North Indian,Tandoori Roti (Full),127,False,0,127,True,3.9,41,2025-09-24T15:26:51
M00209,Jay Khodiyar Hotel & Restaurant,UberEats,Rajkot,Bakery,Blueberry Muffin (Combo),134,False,0,134,True,3.5,50,2025-09-24T15:26:51
M00486,Orchid,Swiggy,Rajkot,Desserts,Chocolate Lava Cake (Spicy),337,False,0,337,True,4.5,34,2025-09-24T15:26:51
M00383,Patel Vihar Restaurant,Swiggy,Rajkot,North Indian,Butter Chicken (Spicy),280,False,0,280,True,3.4,42,2025-09-24T15:26:51
M00351,Sargam Kitchen,UberEats,Rajkot,Gujarati,Gujarati Thali,584,False,0,584,True,3.5,47,2025-09-24T15:26:51
M00059,The Imperial Palace,Swiggy,Rajkot,Chinese,Chilli Paneer,617,True,15,524,True,3.9,32,2025-09-24T15:26:51
M100474,Shree Kathiyawadi Khadki,Zomato,Baroda,Desserts,Kulfi,112,False,0,112,True,3.5,24,2025-09-24T15:30:35
M100530,Shree Maruti Nandan Kathiyawadi,Zomato,Baroda,Continental,Caesar Salad (Full),337,False,0,337,True,4.6,46,2025-09-24T15:30:35
M100404,Blue Lagoon,Zomato,Baroda,Chinese,Chilli Paneer (Combo),385,False,0,385,True,4.3,30,2025-09-24T15:30:35
M100263,Pizza Hut,Swiggy,Baroda,Desserts,Kulfi,198,False,0,198,True,3.8,36,2025-09-24T15:30:35
M100151,Domino's Pizza,Zomato,Baroda,Continental,Caesar Salad,603,False,0,603,True,4.5,44,2025-09-24T15:30:35
M100641,Sayaji Hotel Restaurant,Swiggy,Baroda,Italian,Garlic Bread,241,True,15,204,True,4.7,38,2025-09-24T15:30:35
M100116,La Pino'z Pizza,UberEats,Baroda,Chinese,Chilli Paneer (Special),646,False,0,646,False,4.7,50,2025-09-24T15:30:35
M100254,Cafe Coffee Day,Zomato,Baroda,Continental,Fish and Chips (Combo),535,False,0,535,True,3.5,39,2025-09-24T15:30:35
M00472,Sankalp,Swiggy,Rajkot,Italian,Garlic Bread,210,False,0,210,True,4.3,44,2025-09-24T15:26:51
M100587,Cafe Frespresso,Swiggy,Baroda,Desserts,Rasmalai (Special),277,False,0,277,True,3.6,53,2025-09-24T15:30:35
M100245,Cafe Coffee Day,Zomato,Baroda,Continental,Pasta Primavera (Half),263,False,0,263,True,3.5,32,2025-09-24T15:30:35
M300051,La Pino'z Pizza,UberEats,Surat,Chinese,Chilli Paneer,575,False,0,575,True,4.1,28,2025-09-24T15:35:09
M00234,Huber & Holly,Zomato,Rajkot,Chinese,Fried Rice (Combo),372,False,0,372,True,4.1,28,2025-09-24T15:26:51
M00454,The Chocolate Room,Swiggy,Rajkot,Bakery,Croissant,369,False,0,369,True,4.2,46,2025-09-24T15:26:51
M00197,Jay Khodiyar Hotel & Restaurant,UberEats,Rajkot,Bakery,Chocolate Brownie (Full),280,False,0,280,True,3.5,26,2025-09-24T15:26:51
M200084,Mocha,UberEats,Gandhinagar,Gujarati,Khandvi,208,False,0,208,True,4.7,41,2025-09-24T15:32:59
M00082,Theobroma,UberEats,Rajkot,Fast Food,Cheesy Burger,56,False,0,56,True,4.5,48,2025-09-24T15:26:51
M300055,Leonardo Italian Mediterranean Dining,Zomato,Surat,North Indian,Tandoori Roti,300,False,0,300,True,3.7,49,2025-09-24T15:35:09
M100347,That Place,UberEats,Baroda,Gujarati,Dhokla (Half),674,False,0,674,True,4.6,25,2025-09-24T15:30:35
M300088,Poco Loco,UberEats,Surat,Biryani,Veg Biryani,227,False,0,227,True,4.0,24,2025-09-24T15:35:09
M00112,La Pino'z Pizza,Swiggy,Rajkot,Bakery,Blueberry Muffin (Full),620,False,0,620,True,4.1,31,2025-09-24T15:26:51
M200027,Cafe Coffee Day,Swiggy,Gandhinagar,Italian,Garlic Bread,430,False,0,430,True,4.3,42,2025-09-24T15:32:59
M100211,Havmor Restaurant,Swiggy,Baroda,Bakery,Cheesecake Slice,113,False,0,113,True,4.0,50,2025-09-24T15:30:35
M100413,Raju Omlet,Zomato,Baroda,Fast Food,Fries (Spicy),226,False,0,226,True,4.3,27,2025-09-24T15:30:35
M100281,Mahi Tandoor Village,UberEats,Baroda,Fast Food,Veg Wrap,100,False,0,100,True,4.3,34,2025-09-24T15:30:35
M200016,Ristretto Cafe,UberEats,Gandhinagar,Continental,Fish and Chips,414,False,0,414,True,3.9,42,2025-09-24T15:32:59
M200075,Shree Maruti Nandan Kathiyawadi,Swiggy,Gandhinagar,Gujarati,Gujarati Thali,153,False,0,153,True,4.3,28,2025-09-24T15:32:59
M100026,Barbeque Nation,UberEats,Baroda,Desserts,Rasmalai,276,False,0,276,True,4.0,45,2025-09-24T15:30:35
M00533,The Grand Thakkar Restaurant,UberEats,Rajkot,North Indian,Dal Makhani (Spicy),503,False,0,503,True,4.5,50,2025-09-24T15:26:51
M00535,The Grand Thakkar Restaurant,Swiggy,Rajkot,North Indian,Dal Makhani (Spicy),604,False,0,604,True,4.5,28,2025-09-24T15:26:51
M200092,Barbeque Nation,Swiggy,Gandhinagar,North Indian,Dal Makhani,664,False,0,664,True,3.8,52,2025-09-24T15:32:59
M00491,Orchid,UberEats,Rajkot,Desserts,Kulfi,581,False,0,581,True,4.5,41,2025-09-24T15:26:51
M100676,Eva Cafe,UberEats,Baroda,Italian,Pasta Alfredo (Full),102,False,0,102,True,4.0,40,2025-09-24T15:30:35
M300139,Surti 12 Handi,Zomato,Surat,Italian,Pesto Pasta,590,True,10,531,True,3.4,37,2025-09-24T15:35:09
M100463,Shree Kathiyawadi Khadki,UberEats,Baroda,Desserts,Chocolate Lava Cake (Full),182,False,0,182,True,3.5,27,2025-09-24T15:30:35
M100222,Havmor Restaurant,UberEats,Baroda,Bakery,Croissant,147,False,0,147,True,4.0,25,2025-09-24T15:30:35
M00452,The Chocolate Room,Swiggy,Rajkot,Bakery,Sourdough Bread,289,False,0,289,True,4.2,32,2025-09-24T15:26:51
M100561,Bayleaf Restaurant,Swiggy,Baroda,Desserts,Kulfi (Special),186,False,0,186,True,4.1,49,2025-09-24T15:30:35
M200085,Barbeque Nation,Swiggy,Gandhinagar,Fast Food,Cheesy Burger,400,False,0,400,True,4.2,49,2025-09-24T15:32:59
M00421,National Restaurant,Swiggy,Rajkot,Continental,Pasta Primavera,538,False,0,538,True,4.5,31,2025-09-24T15:26:51
M300119,Poco Loco,UberEats,Surat,Italian,Pasta Alfredo,430,False,0,430,True,4.3,51,2025-09-24T15:35:09
M100657,The Banyan Deli,Zomato,Baroda,Fast Food,Fries (Half),206,False,0,206,True,4.5,34,2025-09-24T15:30:35
M100109,La Pino'z Pizza,Zomato,Baroda,Chinese,Chow Mein,243,False,0,243,True,4.7,47,2025-09-24T15:30:35
M100460,Shree Kathiyawadi Khadki,Zomato,Baroda,Desserts,Chocolate Lava Cake (Special),88,False,0,88,True,3.5,28,2025-09-24T15:30:35
M100189,Punjab Grill,Swiggy,Baroda,Bakery,Chocolate Brownie (Combo),319,False,0,319,True,3.7,32,2025-09-24T15:30:35
M00255,Barbeque Nation,UberEats,Rajkot,Fast Food,Club Sandwich (Full),129,False,0,129,True,3.7,28,2025-09-24T15:26:51
M100528,Shree Maruti Nandan Kathiyawadi,Swiggy,Baroda,Continental,Caesar Salad (Half),199,True,10,179,True,4.6,37,2025-09-24T15:30:35
M00483,Orchid,Swiggy,Rajkot,Desserts,Rasmalai,611,False,0,611,True,4.5,49,2025-09-24T15:26:51
M200070,The Chocolate Room,UberEats,Gandhinagar,Biryani,Mutton Biryani,117,False,0,117,True,3.3,31,2025-09-24T15:32:59
M200049,Jay Mahakali Sev Usal,UberEats,Gandhinagar,Fast Food,Cheesy Burger,199,False,0,199,True,4.2,35,2025-09-24T15:32:59
M00355,Sargam Kitchen,UberEats,Rajkot,Gujarati,Khandvi,802,False,0,802,True,3.5,51,2025-09-24T15:26:51
M00552,Lemon Tree Hotel,Zomato,Rajkot,North Indian,Tandoori Roti (Special),238,False,0,238,True,3.8,34,2025-09-24T15:26:51
M00087,Lieto - Artisan Pizza & More,Zomato,Rajkot,Fast Food,Chicken Nuggets (Full),129,False,0,129,True,4.4,34,2025-09-24T15:26:51
M300072,Jalaram Khichdi,Zomato,Surat,Chinese,Fried Rice,862,False,0,862,True,4.7,45,2025-09-24T15:35:09
M00266,Temptations Restaurant,Swiggy,Rajkot,Fast Food,Cheesy Burger (Combo),193,False,0,193,True,4.4,46,2025-09-24T15:26:51
M00288,Sweet Truth - Cake and Desserts,UberEats,Rajkot,Italian,Margherita Pizza (Combo),728,False,0,728,True,3.9,30,2025-09-24T15:26:51
M300134,Poco Loco,UberEats,Surat,Italian,Margherita Pizza,401,False,0,401,True,4.0,42,2025-09-24T15:35:09
M100679,Eva Cafe,Swiggy,Baroda,Italian,Veggie Pizza,300,False,0,300,True,4.0,22,2025-09-24T15:30:35
M300150,The Grand Bhagwati,Zomato,Surat,Italian,Margherita Pizza,273,False,0,273,True,3.6,49,2025-09-24T15:35:09
M00530,The Grand Thakkar Restaurant,UberEats,Rajkot,North Indian,Butter Chicken (Half),616,False,0,616,True,4.5,40,2025-09-24T15:26:51
M00465,Sankalp,Zomato,Rajkot,Italian,Margherita Pizza (Special),198,False,0,198,True,4.3,45,2025-09-24T15:26:51
M200051,Varietea,UberEats,Gandhinagar,Bakery,Blueberry Muffin,78,False,0,78,True,4.4,21,2025-09-24T15:32:59
M00222,Huber & Holly,Zomato,Rajkot,Chinese,Chow Mein (Spicy),241,False,0,241,False,4.1,48,2025-09-24T15:26:51
M00114,La Pino'z Pizza,Swiggy,Rajkot,Bakery,Cheesecake Slice (Full),362,False,0,362,True,4.1,47,2025-09-24T15:26:51
M100411,Blue Lagoon,Swiggy,Baroda,Chinese,Chow Mein (Special),533,True,15,453,True,4.3,31,2025-09-24T15:30:35
M100605,Hotel Surya,UberEats,Baroda,Continental,Pasta Primavera (Combo),792,True,10,712,True,3.8,55,2025-09-24T15:30:35
M00175,Pizza Hut,Zomato,Rajkot,Bakery,Blueberry Muffin (Combo),469,False,0,469,True,4.6,48,2025-09-24T15:26:51
M100671,Eva Cafe,Swiggy,Baroda,Italian,Garlic Bread,282,True,20,225,True,4.0,22,2025-09-24T15:30:35
M00354,Sargam Kitchen,Zomato,Rajkot,Gujarati,Khandvi,475,False,0,475,True,3.5,28,2025-09-24T15:26:51
M100609,Neelkanth Restaurant,Swiggy,Baroda,North Indian,Dal Makhani (Half),774,False,0,774,True,3.5,55,2025-09-24T15:30:35
M100442,Raju Omlet,Swiggy,Baroda,Fast Food,Fries (Full),388,False,0,388,True,4.3,35,2025-09-24T15:30:35
M300113,Hotel Golden Star,Zomato,Surat,Gujarati,Undhiyu,170,True,20,136,True,4.1,43,2025-09-24T15:35:09
M00286,Sweet Truth - Cake and Desserts,UberEats,Rajkot,Italian,Pasta Alfredo,805,False,0,805,True,3.9,46,2025-09-24T15:26:51
M100298,Mahi Tandoor Village,Swiggy,Baroda,Fast Food,Cheesy Burger,163,False,0,163,True,4.3,42,2025-09-24T15:30:35
M100582,Cafe Frespresso,Swiggy,Baroda,Desserts,Ice Cream Scoop,441,False,0,441,True,3.6,40,2025-09-24T15:30:35
M100629,Seven Seas Restaurant,UberEats,Baroda,Continental,Caesar Salad (Full),301,False,0,301,True,3.9,49,2025-09-24T15:30:35
M00032,Starbucks Coffee,UberEats,Rajkot,Bakery,Cheesecake Slice,212,False,0,212,True,4.6,24,2025-09-24T15:26:51
M100027,Barbeque Nation,Swiggy,Baroda,Desserts,Kulfi (Half),204,True,15,173,True,4.0,28,2025-09-24T15:30:35
M00211,Huber & Holly,UberEats,Rajkot,Chinese,Chilli Paneer,376,False,0,376,True,4.1,52,2025-09-24T15:26:51
M100399,Blue Lagoon,Swiggy,Baroda,Chinese,Spring Rolls (Spicy),369,False,0,369,True,4.3,35,2025-09-24T15:30:35
M00440,Tea Post,Swiggy,Rajkot,Continental,Steak Sandwich,289,False,0,289,True,4.1,47,2025-09-24T15:26:51
M100359,That Place,UberEats,Baroda,Gujarati,Dhokla,597,False,0,597,True,4.6,35,2025-09-24T15:30:35
M00414,National Restaurant,UberEats,Rajkot,Continental,Fish and Chips,702,False,0,702,True,4.5,29,2025-09-24T15:26:51
M100363,That Place,UberEats,Baroda,Gujarati,Gujarati Thali (Half),340,False,0,340,True,4.6,53,2025-09-24T15:30:35
M00366,Swati Family Restaurant,Swiggy,Rajkot,Bakery,Blueberry Muffin,176,True,15,149,True,3.6,53,2025-09-24T15:26:51
M00189,Jay Khodiyar Hotel & Restaurant,Zomato,Rajkot,Bakery,Chocolate Brownie (Special),220,False,0,220,True,3.5,54,2025-09-24T15:26:51
M100549,Bayleaf Restaurant,Swiggy,Baroda,Desserts,Gulab Jamun,126,False,0,126,True,4.1,35,2025-09-24T15:30:35
M100367,That Place,UberEats,Baroda,Gujarati,Undhiyu,510,False,0,510,True,4.6,48,2025-09-24T15:30:35
M00498,Orchid,Swiggy,Rajkot,Desserts,Chocolate Lava Cake (Half),330,False,0,330,True,4.5,44,2025-09-24T15:26:51
M100526,Shree Maruti Nandan Kathiyawadi,UberEats,Baroda,Continental,Pasta Primavera,293,False,0,293,True,4.6,52,2025-09-24T15:30:35
M00372,Swati Family Restaurant,Swiggy,Rajkot,Bakery,Cheesecake Slice (Special),140,False,0,140,True,3.6,52,2025-09-24T15:26:51
M100498,Rasthal Food,Zomato,Baroda,Gujarati,Gujarati Thali (Half),732,False,0,732,True,3.3,53,2025-09-24T15:30:35
M00084,Lieto - Artisan Pizza & More,Zomato,Rajkot,Fast Food,Fries,89,False,0,89,True,4.4,25,2025-09-24T15:26:51
M100443,Raju Omlet,Zomato,Baroda,Fast Food,Fries (Full),197,True,20,157,True,4.3,46,2025-09-24T15:30:35
M00049,Starbucks Coffee,Zomato,Rajkot,Bakery,Croissant,72,False,0,72,True,4.6,48,2025-09-24T15:26:51
M00156,Balaji Sandwich,Swiggy,Rajkot,Bakery,Cheesecake Slice (Special),371,False,0,371,True,3.8,49,2025-09-24T15:26:51
M00395,Patel Vihar Restaurant,Swiggy,Rajkot,North Indian,Dal Makhani (Spicy),289,False,0,289,True,3.4,50,2025-09-24T15:26:51
M100574,Tandoor Palace,Zomato,Baroda,Italian,Pasta Alfredo (Half),554,False,0,554,True,3.7,28,2025-09-24T15:30:35
M100119,Honest Restaurant,UberEats,Baroda,Gujarati,Gujarati Thali,545,False,0,545,False,3.8,41,2025-09-24T15:30:35
M100491,Rasthal Food,UberEats,Baroda,Gujarati,Gujarati Thali,266,False,0,266,True,3.3,28,2025-09-24T15:30:35
M200098,KFC,Swiggy,Gandhinagar,Fast Food,Fries,367,False,0,367,True,3.5,51,2025-09-24T15:32:59
M200035,Ristretto Cafe,UberEats,Gandhinagar,Italian,Pesto Pasta,338,True,15,287,True,4.6,53,2025-09-24T15:32:59
M300131,Jalaram Khichdi,UberEats,Surat,Desserts,Rasmalai,72,False,0,72,True,4.4,27,2025-09-24T15:35:09
M100036,Barbeque Nation,Swiggy,Baroda,Desserts,Gulab Jamun,166,False,0,166,True,4.0,53,2025-09-24T15:30:35
M00180,Jay Khodiyar Hotel & Restaurant,Zomato,Rajkot,Bakery,Blueberry Muffin,412,False,0,412,True,3.5,35,2025-09-24T15:26:51
M00515,Premvatika Restaurant,Swiggy,Rajkot,Bakery,Cheesecake Slice,195,False,0,195,True,3.6,39,2025-09-24T15:26:51
M300017,Oven Magick,UberEats,Surat,Italian,Pasta Alfredo,494,False,0,494,True,4.0,42,2025-09-24T15:35:09
M100283,Mahi Tandoor Village,Swiggy,Baroda,Fast Food,Veg Wrap,110,False,0,110,True,4.3,50,2025-09-24T15:30:35
M00514,Premvatika Restaurant,UberEats,Rajkot,Bakery,Chocolate Brownie (Combo),69,False,0,69,True,3.6,38,2025-09-24T15:26:51
M100247,Cafe Coffee Day,Swiggy,Baroda,Continental,Grilled Chicken (Special),405,False,0,405,True,3.5,43,2025-09-24T15:30:35
M00364,Swati Family Restaurant,Swiggy,Rajkot,Bakery,Sourdough Bread (Half),321,True,10,288,False,3.6,49,2025-09-24T15:26:51
M100610,Neelkanth Restaurant,Swiggy,Baroda,North Indian,Paneer Butter Masala,844,False,0,844,True,3.5,33,2025-09-24T15:30:35
M100630,Seven Seas Restaurant,Zomato,Baroda,Continental,Caesar Salad (Full),914,False,0,914,True,3.9,35,2025-09-24T15:30:35
M00347,Sargam Kitchen,UberEats,Rajkot,Gujarati,Gujarati Thali (Full),555,True,20,444,True,3.5,45,2025-09-24T15:26:51
M100193,Punjab Grill,Zomato,Baroda,Bakery,Sourdough Bread,405,False,0,405,False,3.7,51,2025-09-24T15:30:35
M100342,Azure - The Gateway Hotel,UberEats,Baroda,Biryani,Mutton Biryani,712,False,0,712,True,3.6,50,2025-09-24T15:30:35
M100415,Raju Omlet,Swiggy,Baroda,Fast Food,Cheesy Burger,317,False,0,317,True,4.3,55,2025-09-24T15:30:35
M100022,Barbeque Nation,Zomato,Baroda,Desserts,Chocolate Lava Cake,346,True,15,294,True,4.0,39,2025-09-24T15:30:35
M100217,Havmor Restaurant,Swiggy,Baroda,Bakery,Croissant (Special),98,False,0,98,True,4.0,34,2025-09-24T15:30:35
M100063,The Chocolate Room,Swiggy,Baroda,Italian,Margherita Pizza,670,False,0,670,True,4.2,29,2025-09-24T15:30:35
M00244,Barbeque Nation,Swiggy,Rajkot,Fast Food,Cheesy Burger (Special),84,False,0,84,True,3.7,35,2025-09-24T15:26:51
M100235,Cafe Coffee Day,Swiggy,Baroda,Continental,Fish and Chips,520,False,0,520,False,3.5,31,2025-09-24T15:30:35
M00536,The Grand Thakkar Restaurant,UberEats,Rajkot,North Indian,Dal Makhani (Combo),905,False,0,905,False,4.5,42,2025-09-24T15:26:51
M100196,Punjab Grill,Zomato,Baroda,Bakery,Blueberry Muffin (Half),362,False,0,362,True,3.7,27,2025-09-24T15:30:35
M100423,Raju Omlet,UberEats,Baroda,Fast Food,Club Sandwich,314,True,15,266,True,4.3,54,2025-09-24T15:30:35
M100295,Mahi Tandoor Village,Swiggy,Baroda,Fast Food,Veg Wrap (Spicy),58,False,0,58,True,4.3,24,2025-09-24T15:30:35
M300071,Purohit Thali,Zomato,Surat,North Indian,Tandoori Roti,361,False,0,361,True,4.4,38,2025-09-24T15:35:09
M100255,Cafe Coffee Day,UberEats,Baroda,Continental,Fish and Chips (Combo),395,False,0,395,True,3.5,25,2025-09-24T15:30:35
M00309,Big Bite,UberEats,Rajkot,Continental,Fish and Chips,278,False,0,278,True,3.4,21,2025-09-24T15:26:51
M100353,That Place,UberEats,Baroda,Gujarati,Gujarati Thali,417,False,0,417,True,4.6,33,2025-09-24T15:30:35
M00399,Patel Vihar Restaurant,Zomato,Rajkot,North Indian,Butter Chicken,123,True,20,98,True,3.4,40,2025-09-24T15:26:51
M00371,Swati Family Restaurant,UberEats,Rajkot,Bakery,Chocolate Brownie (Spicy),201,False,0,201,True,3.6,32,2025-09-24T15:26:51
M00055,The Imperial Palace,Swiggy,Rajkot,Chinese,Manchurian,428,True,20,342,True,3.9,38,2025-09-24T15:26:51
M00553,Lemon Tree Hotel,UberEats,Rajkot,North Indian,Paneer Butter Masala (Half),552,False,0,552,True,3.8,42,2025-09-24T15:26:51
M100292,Mahi Tandoor Village,Swiggy,Baroda,Fast Food,Veg Wrap (Combo),96,False,0,96,True,4.3,41,2025-09-24T15:30:35
M00313,Big Bite,Zomato,Rajkot,Continental,Fish and Chips (Half),180,False,0,180,True,3.4,33,2025-09-24T15:26:51
M100352,That Place,Swiggy,Baroda,Gujarati,Khandvi (Combo),359,False,0,359,True,4.6,35,2025-09-24T15:30:35
M00110,La Pino'z Pizza,Swiggy,Rajkot,Bakery,Cheesecake Slice (Half),557,False,0,557,True,4.1,36,2025-09-24T15:26:51
M100354,That Place,Swiggy,Baroda,Gujarati,Gujarati Thali,472,False,0,472,True,4.6,35,2025-09-24T15:30:35
M300110,Barbeque Nation,UberEats,Surat,Gujarati,Dhokla,108,True,20,86,True,3.5,35,2025-09-24T15:35:09
M00101,La Pino'z Pizza,Zomato,Rajkot,Bakery,Sourdough Bread (Full),432,False,0,432,True,4.1,26,2025-09-24T15:26:51
M300076,Jani Locho,UberEats,Surat,Chinese,Spring Rolls,479,False,0,479,True,4.5,43,2025-09-24T15:35:09
M100101,La Pino'z Pizza,UberEats,Baroda,Chinese,Fried Rice,556,False,0,556,True,4.7,46,2025-09-24T15:30:35
M300026,Leonardo Italian Mediterranean Dining,UberEats,Surat,Gujarati,Gujarati Thali,513,False,0,513,False,4.0,46,2025-09-24T15:35:09
M00267,Temptations Restaurant,Zomato,Rajkot,Fast Food,Cheesy Burger (Spicy),61,True,10,54,False,4.4,30,2025-09-24T15:26:51
M100194,Punjab Grill,UberEats,Baroda,Bakery,Sourdough Bread,154,False,0,154,True,3.7,31,2025-09-24T15:30:35
M00297,Sweet Truth - Cake and Desserts,Swiggy,Rajkot,Italian,Margherita Pizza (Full),560,False,0,560,True,3.9,26,2025-09-24T15:26:51
M100087,McDonald's,UberEats,Baroda,Italian,Pesto Pasta,282,False,0,282,True,3.5,37,2025-09-24T15:30:35
M100375,Varietea,Zomato,Baroda,Continental,Grilled Chicken,214,False,0,214,True,3.4,25,2025-09-24T15:30:35
M100130,Domino's Pizza,Zomato,Baroda,Continental,Pasta Primavera,465,False,0,465,True,4.5,51,2025-09-24T15:30:35
M100380,Varietea,Zomato,Baroda,Continental,Caesar Salad (Special),199,False,0,199,False,3.4,49,2025-09-24T15:30:35
M00378,Patel Vihar Restaurant,Zomato,Rajkot,North Indian,Tandoori Roti,156,False,0,156,True,3.4,25,2025-09-24T15:26:51
M00287,Sweet Truth - Cake and Desserts,Swiggy,Rajkot,Italian,Margherita Pizza (Combo),1001,False,0,1001,True,3.9,30,2025-09-24T15:26:51
M300089,Surti 12 Handi,Zomato,Surat,Chinese,Manchurian,138,False,0,138,True,3.6,27,2025-09-24T15:35:09
M300022,Oven Magick,UberEats,Surat,Desserts,Gulab Jamun,312,False,0,312,True,4.1,32,2025-09-24T15:35:09
M00127,"Faasos - Wraps, Rolls & Shawarma",UberEats,Rajkot,Biryani,Egg Biryani (Full),181,False,0,181,True,4.1,55,2025-09-24T15:26:51
M00328,Big Bite,Zomato,Rajkot,Continental,Pasta Primavera,208,False,0,208,True,3.4,35,2025-09-24T15:26:51
M00293,Sweet Truth - Cake and Desserts,Swiggy,Rajkot,Italian,Veggie Pizza,497,False,0,497,True,3.9,28,2025-09-24T15:26:51
M00545,The Grand Thakkar Restaurant,UberEats,Rajkot,North Indian,Paneer Butter Masala (Special),648,False,0,648,True,4.5,25,2025-09-24T15:26:51
M100159,Domino's Pizza,UberEats,Baroda,Continental,Grilled Chicken,500,False,0,500,True,4.5,51,2025-09-24T15:30:35
M100416,Raju Omlet,Zomato,Baroda,Fast Food,Cheesy Burger,358,False,0,358,True,4.3,31,2025-09-24T15:30:35
M00356,Sargam Kitchen,Zomato,Rajkot,Gujarati,Thepla,321,False,0,321,True,3.5,37,2025-09-24T15:26:51
M00171,Pizza Hut,Zomato,Rajkot,Bakery,Croissant (Combo),577,False,0,577,True,4.6,37,2025-09-24T15:26:51
M100273,Pizza Hut,Swiggy,Baroda,Desserts,Rasmalai (Spicy),494,False,0,494,True,3.8,37,2025-09-24T15:30:35
M100370,That Place,Swiggy,Baroda,Gujarati,Thepla (Full),264,False,0,264,True,4.6,30,2025-09-24T15:30:35
M100670,Eva Cafe,UberEats,Baroda,Italian,Garlic Bread,299,False,0,299,True,4.0,37,2025-09-24T15:30:35
M00210,Jay Khodiyar Hotel & Restaurant,Zomato,Rajkot,Bakery,Blueberry Muffin (Combo),168,False,0,168,False,3.5,47,2025-09-24T15:26:51
M100047,Barbeque Nation,UberEats,Baroda,Desserts,Chocolate Lava Cake (Full),430,False,0,430,True,4.0,41,2025-09-24T15:30:35
M00141,Balaji Sandwich,Swiggy,Rajkot,Bakery,Chocolate Brownie (Half),173,False,0,173,True,3.8,34,2025-09-24T15:26:51
M100517,Shree Maruti Nandan Kathiyawadi,UberEats,Baroda,Continental,Fish and Chips (Half),562,True,15,477,False,4.6,30,2025-09-24T15:30:35
M100420,Raju Omlet,UberEats,Baroda,Fast Food,Cheesy Burger (Half),363,False,0,363,True,4.3,25,2025-09-24T15:30:35
M200087,Sankalp Restaurant,Swiggy,Gandhinagar,Desserts,Ice Cream Scoop,280,False,0,280,True,3.9,41,2025-09-24T15:32:59
M300124,Hotel Golden Star,Zomato,Surat,North Indian,Tandoori Roti,228,False,0,228,True,4.2,24,2025-09-24T15:35:09
M300070,Surti 12 Handi,Zomato,Surat,Chinese,Fried Rice,173,False,0,173,True,4.6,48,2025-09-24T15:35:09
M100446,Jay Mahakali Sev Usal,UberEats,Baroda,Desserts,Rasmalai (Combo),577,False,0,577,True,3.4,54,2025-09-24T15:30:35
M00523,The Grand Thakkar Restaurant,Swiggy,Rajkot,North Indian,Dal Makhani,664,True,10,597,True,4.5,41,2025-09-24T15:26:51
M00200,Jay Khodiyar Hotel & Restaurant,UberEats,Rajkot,Bakery,Cheesecake Slice (Combo),419,False,0,419,True,3.5,48,2025-09-24T15:26:51
M100556,Bayleaf Restaurant,UberEats,Baroda,Desserts,Ice Cream Scoop (Half),284,True,20,227,True,4.1,44,2025-09-24T15:30:35
M00501,Orchid,Swiggy,Rajkot,Desserts,Rasmalai (Special),510,False,0,510,True,4.5,25,2025-09-24T15:26:51
M100466,Shree Kathiyawadi Khadki,Zomato,Baroda,Desserts,Ice Cream Scoop,87,False,0,87,True,3.5,38,2025-09-24T15:30:35
M00487,Orchid,Zomato,Rajkot,Desserts,Chocolate Lava Cake (Spicy),383,False,0,383,True,4.5,32,2025-09-24T15:26:51
M00494,Orchid,UberEats,Rajkot,Desserts,Kulfi (Special),552,True,10,496,True,4.5,25,2025-09-24T15:26:51
M00011,TGT - The Grand Thakar (Jubilee Chowk),Swiggy,Rajkot,Chinese,Chow Mein,904,False,0,904,True,4.3,33,2025-09-24T15:26:51
M00148,Balaji Sandwich,Zomato,Rajkot,Bakery,Chocolate Brownie (Spicy),512,False,0,512,True,3.8,53,2025-09-24T15:26:51
M100627,Seven Seas Restaurant,Zomato,Baroda,Continental,Caesar Salad (Combo),324,False,0,324,True,3.9,53,2025-09-24T15:30:35
M00283,Sweet Truth - Cake and Desserts,Swiggy,Rajkot,Italian,Pesto Pasta,450,False,0,450,True,3.9,30,2025-09-24T15:26:51
M00299,Sweet Truth - Cake and Desserts,Swiggy,Rajkot,Italian,Veggie Pizza (Half),507,False,0,507,True,3.9,26,2025-09-24T15:26:51
M100230,Havmor Restaurant,Zomato,Baroda,Bakery,Cheesecake Slice (Half),135,True,15,114,True,4.0,29,2025-09-24T15:30:35
M00292,Sweet Truth - Cake and Desserts,UberEats,Rajkot,Italian,Veggie Pizza (Spicy),343,True,15,291,True,3.9,51,2025-09-24T15:26:51
M100385,Blue Lagoon,UberEats,Baroda,Chinese,Fried Rice (Combo),419,False,0,419,True,4.3,31,2025-09-24T15:30:35
M100050,Barbeque Nation,UberEats,Baroda,Desserts,Kulfi (Special),375,False,0,375,False,4.0,46,2025-09-24T15:30:35
M100477,Havmor Ice Cream,Zomato,Baroda,Italian,Garlic Bread (Combo),325,False,0,325,True,4.0,47,2025-09-24T15:30:35
M00549,The Grand Thakkar Restaurant,Zomato,Rajkot,North Indian,Kadai Chicken (Combo),735,False,0,735,True,4.5,42,2025-09-24T15:26:51
M100597,Hotel Surya,UberEats,Baroda,Continental,Fish and Chips,808,False,0,808,True,3.8,35,2025-09-24T15:30:35
M00130,"Faasos - Wraps, Rolls & Shawarma",UberEats,Rajkot,Biryani,Veg Biryani,173,True,15,147,True,4.1,51,2025-09-24T15:26:51
M100012,Mandap - Express Towers,UberEats,Baroda,Italian,Veggie Pizza,401,False,0,401,True,4.7,31,2025-09-24T15:30:35
M00332,Sargam Food,UberEats,Rajkot,Italian,Garlic Bread,683,False,0,683,True,3.5,55,2025-09-24T15:26:51
M00324,Big Bite,UberEats,Rajkot,Continental,Steak Sandwich,238,False,0,238,True,3.4,23,2025-09-24T15:26:51
M300102,Honest Restaurant,Zomato,Surat,Desserts,Gulab Jamun,288,True,20,230,True,4.8,53,2025-09-24T15:35:09
M200080,Ristretto Cafe,Swiggy,Gandhinagar,Continental,Grilled Chicken,487,True,20,389,True,4.1,45,2025-09-24T15:32:59
M100553,Bayleaf Restaurant,UberEats,Baroda,Desserts,Chocolate Lava Cake (Combo),145,False,0,145,True,4.1,35,2025-09-24T15:30:35
M00136,Balaji Sandwich,Zomato,Rajkot,Bakery,Chocolate Brownie (Combo),407,False,0,407,True,3.8,26,2025-09-24T15:26:51
M100266,Pizza Hut,Zomato,Baroda,Desserts,Gulab Jamun,275,False,0,275,True,3.8,25,2025-09-24T15:30:35
M00561,Lemon Tree Hotel,UberEats,Rajkot,North Indian,Dal Makhani (Combo),278,False,0,278,False,3.8,32,2025-09-24T15:26:51
M100157,Domino's Pizza,Zomato,Baroda,Continental,Grilled Chicken,438,False,0,438,True,4.5,55,2025-09-24T15:30:35
M00436,Tea Post,Swiggy,Rajkot,Continental,Pasta Primavera (Combo),213,False,0,213,True,4.1,20,2025-09-24T15:26:51
M100583,Cafe Frespresso,Swiggy,Baroda,Desserts,Gulab Jamun (Combo),604,True,20,483,True,3.6,43,2025-09-24T15:30:35
M100088,McDonald's,Zomato,Baroda,Italian,Pesto Pasta,163,True,10,146,True,3.5,27,2025-09-24T15:30:35
M100055,Barbeque Nation,Zomato,Baroda,Desserts,Chocolate Lava Cake (Special),485,False,0,485,True,4.0,48,2025-09-24T15:30:35
M100097,McDonald's,UberEats,Baroda,Italian,Veggie Pizza (Half),318,False,0,318,True,3.5,22,2025-09-24T15:30:35
M00159,Balaji Sandwich,Swiggy,Rajkot,Bakery,Chocolate Brownie,217,False,0,217,True,3.8,46,2025-09-24T15:26:51
M100444,Raju Omlet,UberEats,Baroda,Fast Food,Fries (Full),327,False,0,327,False,4.3,33,2025-09-24T15:30:35
M200043,Shree Kathiyawadi Restaurant,Swiggy,Gandhinagar,Italian,Veggie Pizza,367,False,0,367,True,3.7,35,2025-09-24T15:32:59
M100008,Mandap - Express Towers,UberEats,Baroda,Italian,Margherita Pizza (Full),1004,True,10,903,True,4.7,43,2025-09-24T15:30:35
M00353,Sargam Kitchen,UberEats,Rajkot,Gujarati,Dhokla (Half),272,False,0,272,True,3.5,27,2025-09-24T15:26:51
M100155,Domino's Pizza,Swiggy,Baroda,Continental,Fish and Chips (Combo),306,False,0,306,True,4.5,38,2025-09-24T15:30:35
M200046,Ristretto Cafe,Swiggy,Gandhinagar,Desserts,Ice Cream Scoop,200,False,0,200,True,3.5,34,2025-09-24T15:32:59
M300127,Purohit Thali,UberEats,Surat,North Indian,Dal Makhani,946,True,20,756,True,4.5,26,2025-09-24T15:35:09
M100003,Mandap - Express Towers,Swiggy,Baroda,Italian,Pesto Pasta,941,True,10,846,True,4.7,33,2025-09-24T15:30:35
M100653,The Banyan Deli,Zomato,Baroda,Fast Food,Veg Wrap,160,False,0,160,True,4.5,46,2025-09-24T15:30:35
M100479,Havmor Ice Cream,Zomato,Baroda,Italian,Margherita Pizza,395,False,0,395,True,4.0,32,2025-09-24T15:30:35
M00196,Jay Khodiyar Hotel & Restaurant,Swiggy,Rajkot,Bakery,Chocolate Brownie (Full),417,False,0,417,True,3.5,54,2025-09-24T15:26:51
M100672,Eva Cafe,UberEats,Baroda,Italian,Pasta Alfredo (Special),135,False,0,135,False,4.0,34,2025-09-24T15:30:35
M300132,Jalaram Khichdi,Zomato,Surat,Desserts,Rasmalai,189,True,10,170,True,4.4,46,2025-09-24T15:35:09
M00439,Tea Post,Zomato,Rajkot,Continental,Steak Sandwich,100,False,0,100,True,4.1,29,2025-09-24T15:26:51
M100019,Mandap - Express Towers,Swiggy,Baroda,Italian,Pesto Pasta (Special),1008,False,0,1008,True,4.7,33,2025-09-24T15:30:35
M100337,Azure - The Gateway Hotel,Swiggy,Baroda,Biryani,Hyderabadi Biryani,261,False,0,261,True,3.6,27,2025-09-24T15:30:35
M00097,La Pino'z Pizza,Zomato,Rajkot,Bakery,Chocolate Brownie,333,False,0,333,True,4.1,53,2025-09-24T15:26:51
M100531,Shree Maruti Nandan Kathiyawadi,Swiggy,Baroda,Continental,Caesar Salad (Full),621,False,0,621,True,4.6,55,2025-09-24T15:30:35
